date,day_of_week,is_weekend,month,quarter,week_number,day_of_year,is_holiday,is_festival
2024-01-01,0,0,1,1,1,1,1,0
2024-01-02,1,0,1,1,1,2,0,0
2024-01-03,2,0,1,1,1,3,0,0
2024-01-04,3,0,1,1,1,4,0,0
2024-01-05,4,0,1,1,1,5,0,0
2024-01-06,5,1,1,1,1,6,0,0
2024-01-07,6,1,1,1,1,7,0,0
2024-01-08,0,0,1,1,2,8,0,0
2024-01-09,1,0,1,1,2,9,0,0
2024-01-10,2,0,1,1,2,10,0,0
2024-01-11,3,0,1,1,2,11,0,0
2024-01-12,4,0,1,1,2,12,0,0
2024-01-13,5,1,1,1,2,13,0,0
2024-01-14,6,1,1,1,2,14,0,0
2024-01-15,0,0,1,1,3,15,0,0
2024-01-16,1,0,1,1,3,16,0,0
2024-01-17,2,0,1,1,3,17,0,0
2024-01-18,3,0,1,1,3,18,0,0
2024-01-19,4,0,1,1,3,19,0,0
2024-01-20,5,1,1,1,3,20,0,0
2024-01-21,6,1,1,1,3,21,0,0
2024-01-22,0,0,1,1,4,22,0,0
2024-01-23,1,0,1,1,4,23,0,0
2024-01-24,2,0,1,1,4,24,0,0
2024-01-25,3,0,1,1,4,25,0,0
2024-01-26,4,0,1,1,4,26,0,0
2024-01-27,5,1,1,1,4,27,0,0
2024-01-28,6,1,1,1,4,28,0,0
2024-01-29,0,0,1,1,5,29,0,0
2024-01-30,1,0,1,1,5,30,0,0
2024-01-31,2,0,1,1,5,31,0,0
2024-02-01,3,0,2,1,5,32,0,0
2024-02-02,4,0,2,1,5,33,0,0
2024-02-03,5,1,2,1,5,34,0,0
2024-02-04,6,1,2,1,5,35,0,0
2024-02-05,0,0,2,1,6,36,0,0
2024-02-06,1,0,2,1,6,37,0,0
2024-02-07,2,0,2,1,6,38,0,0
2024-02-08,3,0,2,1,6,39,0,0
2024-02-09,4,0,2,1,6,40,0,0
2024-02-10,5,1,2,1,6,41,0,0
2024-02-11,6,1,2,1,6,42,0,0
2024-02-12,0,0,2,1,7,43,0,0
2024-02-13,1,0,2,1,7,44,0,0
2024-02-14,2,0,2,1,7,45,0,0
2024-02-15,3,0,2,1,7,46,0,0
2024-02-16,4,0,2,1,7,47,0,0
2024-02-17,5,1,2,1,7,48,0,0
2024-02-18,6,1,2,1,7,49,0,0
2024-02-19,0,0,2,1,8,50,1,0
2024-02-20,1,0,2,1,8,51,0,0
2024-02-21,2,0,2,1,8,52,0,0
2024-02-22,3,0,2,1,8,53,0,0
2024-02-23,4,0,2,1,8,54,0,0
2024-02-24,5,1,2,1,8,55,0,0
2024-02-25,6,1,2,1,8,56,0,0
2024-02-26,0,0,2,1,9,57,0,0
2024-02-27,1,0,2,1,9,58,0,0
2024-02-28,2,0,2,1,9,59,0,0
2024-02-29,3,0,2,1,9,60,0,0
2024-03-01,4,0,3,1,9,61,0,0
2024-03-02,5,1,3,1,9,62,0,0
2024-03-03,6,1,3,1,9,63,0,0
2024-03-04,0,0,3,1,10,64,0,0
2024-03-05,1,0,3,1,10,65,0,0
2024-03-06,2,0,3,1,10,66,0,0
2024-03-07,3,0,3,1,10,67,0,0
2024-03-08,4,0,3,1,10,68,0,0
2024-03-09,5,1,3,1,10,69,0,0
2024-03-10,6,1,3,1,10,70,0,0
2024-03-11,0,0,3,1,11,71,0,0
2024-03-12,1,0,3,1,11,72,0,0
2024-03-13,2,0,3,1,11,73,0,0
2024-03-14,3,0,3,1,11,74,0,0
2024-03-15,4,0,3,1,11,75,1,0
2024-03-16,5,1,3,1,11,76,0,0
2024-03-17,6,1,3,1,11,77,0,0
2024-03-18,0,0,3,1,12,78,0,0
2024-03-19,1,0,3,1,12,79,0,0
2024-03-20,2,0,3,1,12,80,0,0
2024-03-21,3,0,3,1,12,81,0,0
2024-03-22,4,0,3,1,12,82,0,0
2024-03-23,5,1,3,1,12,83,0,0
2024-03-24,6,1,3,1,12,84,0,0
2024-03-25,0,0,3,1,13,85,0,0
2024-03-26,1,0,3,1,13,86,0,0
2024-03-27,2,0,3,1,13,87,0,0
2024-03-28,3,0,3,1,13,88,0,0
2024-03-29,4,0,3,1,13,89,0,0
2024-03-30,5,1,3,1,13,90,0,0
2024-03-31,6,1,3,1,13,91,0,0
2024-04-01,0,0,4,2,14,92,0,0
2024-04-02,1,0,4,2,14,93,0,0
2024-04-03,2,0,4,2,14,94,0,0
2024-04-04,3,0,4,2,14,95,0,0
2024-04-05,4,0,4,2,14,96,0,0
2024-04-06,5,1,4,2,14,97,0,0
2024-04-07,6,1,4,2,14,98,0,0
2024-04-08,0,0,4,2,15,99,0,0
2024-04-09,1,0,4,2,15,100,0,0
2024-04-10,2,0,4,2,15,101,0,0
2024-04-11,3,0,4,2,15,102,0,0
2024-04-12,4,0,4,2,15,103,0,0
2024-04-13,5,1,4,2,15,104,0,0
2024-04-14,6,1,4,2,15,105,0,0
2024-04-15,0,0,4,2,16,106,0,0
2024-04-16,1,0,4,2,16,107,0,0
2024-04-17,2,0,4,2,16,108,0,0
2024-04-18,3,0,4,2,16,109,0,0
2024-04-19,4,0,4,2,16,110,1,0
2024-04-20,5,1,4,2,16,111,0,0
2024-04-21,6,1,4,2,16,112,0,0
2024-04-22,0,0,4,2,17,113,0,0
2024-04-23,1,0,4,2,17,114,0,0
2024-04-24,2,0,4,2,17,115,0,0
2024-04-25,3,0,4,2,17,116,0,0
2024-04-26,4,0,4,2,17,117,0,0
2024-04-27,5,1,4,2,17,118,0,0
2024-04-28,6,1,4,2,17,119,0,0
2024-04-29,0,0,4,2,18,120,0,0
2024-04-30,1,0,4,2,18,121,0,0
2024-05-01,2,0,5,2,18,122,0,0
2024-05-02,3,0,5,2,18,123,0,0
2024-05-03,4,0,5,2,18,124,0,0
2024-05-04,5,1,5,2,18,125,0,0
2024-05-05,6,1,5,2,18,126,0,0
2024-05-06,0,0,5,2,19,127,0,0
2024-05-07,1,0,5,2,19,128,0,0
2024-05-08,2,0,5,2,19,129,0,0
2024-05-09,3,0,5,2,19,130,0,0
2024-05-10,4,0,5,2,19,131,0,0
2024-05-11,5,1,5,2,19,132,0,0
2024-05-12,6,1,5,2,19,133,0,0
2024-05-13,0,0,5,2,20,134,0,0
2024-05-14,1,0,5,2,20,135,0,0
2024-05-15,2,0,5,2,20,136,0,0
2024-05-16,3,0,5,2,20,137,0,0
2024-05-17,4,0,5,2,20,138,0,0
2024-05-18,5,1,5,2,20,139,0,0
2024-05-19,6,1,5,2,20,140,0,0
2024-05-20,0,0,5,2,21,141,0,0
2024-05-21,1,0,5,2,21,142,0,0
2024-05-22,2,0,5,2,21,143,0,0
2024-05-23,3,0,5,2,21,144,0,0
2024-05-24,4,0,5,2,21,145,0,0
2024-05-25,5,1,5,2,21,146,0,0
2024-05-26,6,1,5,2,21,147,0,0
2024-05-27,0,0,5,2,22,148,0,0
2024-05-28,1,0,5,2,22,149,0,0
2024-05-29,2,0,5,2,22,150,0,0
2024-05-30,3,0,5,2,22,151,0,0
2024-05-31,4,0,5,2,22,152,0,0
2024-06-01,5,1,6,2,22,153,0,0
2024-06-02,6,1,6,2,22,154,0,0
2024-06-03,0,0,6,2,23,155,0,0
2024-06-04,1,0,6,2,23,156,0,0
2024-06-05,2,0,6,2,23,157,0,0
2024-06-06,3,0,6,2,23,158,0,0
2024-06-07,4,0,6,2,23,159,0,0
2024-06-08,5,1,6,2,23,160,0,0
2024-06-09,6,1,6,2,23,161,0,0
2024-06-10,0,0,6,2,24,162,0,0
2024-06-11,1,0,6,2,24,163,0,0
2024-06-12,2,0,6,2,24,164,0,0
2024-06-13,3,0,6,2,24,165,0,0
2024-06-14,4,0,6,2,24,166,0,0
2024-06-15,5,1,6,2,24,167,0,0
2024-06-16,6,1,6,2,24,168,0,0
2024-06-17,0,0,6,2,25,169,0,0
2024-06-18,1,0,6,2,25,170,0,0
2024-06-19,2,0,6,2,25,171,0,0
2024-06-20,3,0,6,2,25,172,0,0
2024-06-21,4,0,6,2,25,173,0,0
2024-06-22,5,1,6,2,25,174,0,0
2024-06-23,6,1,6,2,25,175,0,0
2024-06-24,0,0,6,2,26,176,0,0
2024-06-25,1,0,6,2,26,177,0,0
2024-06-26,2,0,6,2,26,178,0,0
2024-06-27,3,0,6,2,26,179,0,0
2024-06-28,4,0,6,2,26,180,0,0
2024-06-29,5,1,6,2,26,181,0,0
2024-06-30,6,1,6,2,26,182,0,0
2024-07-01,0,0,7,3,27,183,0,0
2024-07-02,1,0,7,3,27,184,0,0
2024-07-03,2,0,7,3,27,185,0,0
2024-07-04,3,0,7,3,27,186,0,0
2024-07-05,4,0,7,3,27,187,0,0
2024-07-06,5,1,7,3,27,188,0,0
2024-07-07,6,1,7,3,27,189,0,0
2024-07-08,0,0,7,3,28,190,1,0
2024-07-09,1,0,7,3,28,191,0,0
2024-07-10,2,0,7,3,28,192,0,0
2024-07-11,3,0,7,3,28,193,0,0
2024-07-12,4,0,7,3,28,194,0,0
2024-07-13,5,1,7,3,28,195,0,0
2024-07-14,6,1,7,3,28,196,0,0
2024-07-15,0,0,7,3,29,197,0,0
2024-07-16,1,0,7,3,29,198,0,0
2024-07-17,2,0,7,3,29,199,0,0
2024-07-18,3,0,7,3,29,200,0,0
2024-07-19,4,0,7,3,29,201,0,0
2024-07-20,5,1,7,3,29,202,0,0
2024-07-21,6,1,7,3,29,203,0,0
2024-07-22,0,0,7,3,30,204,0,0
2024-07-23,1,0,7,3,30,205,0,0
2024-07-24,2,0,7,3,30,206,0,0
2024-07-25,3,0,7,3,30,207,0,0
2024-07-26,4,0,7,3,30,208,0,0
2024-07-27,5,1,7,3,30,209,0,0
2024-07-28,6,1,7,3,30,210,0,0
2024-07-29,0,0,7,3,31,211,0,0
2024-07-30,1,0,7,3,31,212,0,0
2024-07-31,2,0,7,3,31,213,0,0
2024-08-01,3,0,8,3,31,214,0,0
2024-08-02,4,0,8,3,31,215,0,0
2024-08-03,5,1,8,3,31,216,0,0
2024-08-04,6,1,8,3,31,217,0,0
2024-08-05,0,0,8,3,32,218,0,0
2024-08-06,1,0,8,3,32,219,0,0
2024-08-07,2,0,8,3,32,220,0,0
2024-08-08,3,0,8,3,32,221,0,0
2024-08-09,4,0,8,3,32,222,0,0
2024-08-10,5,1,8,3,32,223,0,0
2024-08-11,6,1,8,3,32,224,0,0
2024-08-12,0,0,8,3,33,225,0,0
2024-08-13,1,0,8,3,33,226,1,0
2024-08-14,2,0,8,3,33,227,0,0
2024-08-15,3,0,8,3,33,228,0,0
2024-08-16,4,0,8,3,33,229,0,0
2024-08-17,5,1,8,3,33,230,0,0
2024-08-18,6,1,8,3,33,231,0,0
2024-08-19,0,0,8,3,34,232,0,0
2024-08-20,1,0,8,3,34,233,0,0
2024-08-21,2,0,8,3,34,234,0,0
2024-08-22,3,0,8,3,34,235,0,0
2024-08-23,4,0,8,3,34,236,0,0
2024-08-24,5,1,8,3,34,237,0,0
2024-08-25,6,1,8,3,34,238,0,0
2024-08-26,0,0,8,3,35,239,0,0
2024-08-27,1,0,8,3,35,240,0,0
2024-08-28,2,0,8,3,35,241,0,0
2024-08-29,3,0,8,3,35,242,0,0
2024-08-30,4,0,8,3,35,243,0,0
2024-08-31,5,1,8,3,35,244,0,0
2024-09-01,6,1,9,3,35,245,0,0
2024-09-02,0,0,9,3,36,246,0,0
2024-09-03,1,0,9,3,36,247,0,0
2024-09-04,2,0,9,3,36,248,0,0
2024-09-05,3,0,9,3,36,249,0,0
2024-09-06,4,0,9,3,36,250,0,0
2024-09-07,5,1,9,3,36,251,0,0
2024-09-08,6,1,9,3,36,252,0,0
2024-09-09,0,0,9,3,37,253,0,0
2024-09-10,1,0,9,3,37,254,0,0
2024-09-11,2,0,9,3,37,255,0,0
2024-09-12,3,0,9,3,37,256,0,0
2024-09-13,4,0,9,3,37,257,0,0
2024-09-14,5,1,9,3,37,258,0,0
2024-09-15,6,1,9,3,37,259,0,0
2024-09-16,0,0,9,3,38,260,0,0
2024-09-17,1,0,9,3,38,261,0,0
2024-09-18,2,0,9,3,38,262,0,0
2024-09-19,3,0,9,3,38,263,0,0
2024-09-20,4,0,9,3,38,264,0,0
2024-09-21,5,1,9,3,38,265,0,0
2024-09-22,6,1,9,3,38,266,0,0
2024-09-23,0,0,9,3,39,267,0,0
2024-09-24,1,0,9,3,39,268,0,0
2024-09-25,2,0,9,3,39,269,0,0
2024-09-26,3,0,9,3,39,270,0,0
2024-09-27,4,0,9,3,39,271,0,0
2024-09-28,5,1,9,3,39,272,0,0
2024-09-29,6,1,9,3,39,273,0,0
2024-09-30,0,0,9,3,40,274,0,0
2024-10-01,1,0,10,4,40,275,0,1
2024-10-02,2,0,10,4,40,276,0,1
2024-10-03,3,0,10,4,40,277,0,1
2024-10-04,4,0,10,4,40,278,0,1
2024-10-05,5,1,10,4,40,279,0,1
2024-10-06,6,1,10,4,40,280,1,1
2024-10-07,0,0,10,4,41,281,0,1
2024-10-08,1,0,10,4,41,282,0,1
2024-10-09,2,0,10,4,41,283,0,1
2024-10-10,3,0,10,4,41,284,0,1
2024-10-11,4,0,10,4,41,285,0,1
2024-10-12,5,1,10,4,41,286,0,1
2024-10-13,6,1,10,4,41,287,0,1
2024-10-14,0,0,10,4,42,288,0,1
2024-10-15,1,0,10,4,42,289,0,1
2024-10-16,2,0,10,4,42,290,0,1
2024-10-17,3,0,10,4,42,291,0,1
2024-10-18,4,0,10,4,42,292,0,1
2024-10-19,5,1,10,4,42,293,0,1
2024-10-20,6,1,10,4,42,294,0,1
2024-10-21,0,0,10,4,43,295,0,1
2024-10-22,1,0,10,4,43,296,0,1
2024-10-23,2,0,10,4,43,297,0,1
2024-10-24,3,0,10,4,43,298,0,1
2024-10-25,4,0,10,4,43,299,0,1
2024-10-26,5,1,10,4,43,300,1,1
2024-10-27,6,1,10,4,43,301,0,1
2024-10-28,0,0,10,4,44,302,0,1
2024-10-29,1,0,10,4,44,303,0,1
2024-10-30,2,0,10,4,44,304,0,1
2024-10-31,3,0,10,4,44,305,0,1
2024-11-01,4,0,11,4,44,306,0,1
2024-11-02,5,1,11,4,44,307,0,1
2024-11-03,6,1,11,4,44,308,0,1
2024-11-04,0,0,11,4,45,309,0,1
2024-11-05,1,0,11,4,45,310,0,1
2024-11-06,2,0,11,4,45,311,0,1
2024-11-07,3,0,11,4,45,312,0,1
2024-11-08,4,0,11,4,45,313,0,1
2024-11-09,5,1,11,4,45,314,0,1
2024-11-10,6,1,11,4,45,315,0,1
2024-11-11,0,0,11,4,46,316,0,1
2024-11-12,1,0,11,4,46,317,0,1
2024-11-13,2,0,11,4,46,318,0,1
2024-11-14,3,0,11,4,46,319,0,1
2024-11-15,4,0,11,4,46,320,0,1
2024-11-16,5,1,11,4,46,321,0,1
2024-11-17,6,1,11,4,46,322,0,1
2024-11-18,0,0,11,4,47,323,0,1
2024-11-19,1,0,11,4,47,324,0,1
2024-11-20,2,0,11,4,47,325,0,1
2024-11-21,3,0,11,4,47,326,0,1
2024-11-22,4,0,11,4,47,327,0,1
2024-11-23,5,1,11,4,47,328,0,1
2024-11-24,6,1,11,4,47,329,0,1
2024-11-25,0,0,11,4,48,330,0,1
2024-11-26,1,0,11,4,48,331,0,1
2024-11-27,2,0,11,4,48,332,0,1
2024-11-28,3,0,11,4,48,333,0,1
2024-11-29,4,0,11,4,48,334,0,1
2024-11-30,5,1,11,4,48,335,0,1
2024-12-01,6,1,12,4,48,336,0,1
2024-12-02,0,0,12,4,49,337,0,1
2024-12-03,1,0,12,4,49,338,0,1
2024-12-04,2,0,12,4,49,339,0,1
2024-12-05,3,0,12,4,49,340,0,1
2024-12-06,4,0,12,4,49,341,0,1
2024-12-07,5,1,12,4,49,342,0,1
2024-12-08,6,1,12,4,49,343,0,1
2024-12-09,0,0,12,4,50,344,0,1
2024-12-10,1,0,12,4,50,345,0,1
2024-12-11,2,0,12,4,50,346,0,1
2024-12-12,3,0,12,4,50,347,0,1
2024-12-13,4,0,12,4,50,348,0,1
2024-12-14,5,1,12,4,50,349,0,1
2024-12-15,6,1,12,4,50,350,0,1
2024-12-16,0,0,12,4,51,351,0,1
2024-12-17,1,0,12,4,51,352,0,1
2024-12-18,2,0,12,4,51,353,0,1
2024-12-19,3,0,12,4,51,354,0,1
2024-12-20,4,0,12,4,51,355,0,1
2024-12-21,5,1,12,4,51,356,0,1
2024-12-22,6,1,12,4,51,357,0,1
2024-12-23,0,0,12,4,52,358,0,1
2024-12-24,1,0,12,4,52,359,1,1
2024-12-25,2,0,12,4,52,360,0,1
2024-12-26,3,0,12,4,52,361,0,1
2024-12-27,4,0,12,4,52,362,0,1
2024-12-28,5,1,12,4,52,363,0,1
2024-12-29,6,1,12,4,52,364,0,1
2024-12-30,0,0,12,4,1,365,0,1
2024-12-31,1,0,12,4,1,366,1,1
2025-01-01,2,0,1,1,1,1,1,0
2025-01-02,3,0,1,1,1,2,0,0
2025-01-03,4,0,1,1,1,3,0,0
2025-01-04,5,1,1,1,1,4,0,0
2025-01-05,6,1,1,1,1,5,0,0
2025-01-06,0,0,1,1,2,6,0,0
2025-01-07,1,0,1,1,2,7,0,0
2025-01-08,2,0,1,1,2,8,0,0
2025-01-09,3,0,1,1,2,9,0,0
2025-01-10,4,0,1,1,2,10,0,0
2025-01-11,5,1,1,1,2,11,0,0
2025-01-12,6,1,1,1,2,12,0,0
2025-01-13,0,0,1,1,3,13,0,0
2025-01-14,1,0,1,1,3,14,0,0
2025-01-15,2,0,1,1,3,15,0,0
2025-01-16,3,0,1,1,3,16,0,0
2025-01-17,4,0,1,1,3,17,0,0
2025-01-18,5,1,1,1,3,18,0,0
2025-01-19,6,1,1,1,3,19,0,0
2025-01-20,0,0,1,1,4,20,0,0
2025-01-21,1,0,1,1,4,21,0,0
2025-01-22,2,0,1,1,4,22,0,0
2025-01-23,3,0,1,1,4,23,0,0
2025-01-24,4,0,1,1,4,24,0,0
2025-01-25,5,1,1,1,4,25,0,0
2025-01-26,6,1,1,1,4,26,0,0
2025-01-27,0,0,1,1,5,27,0,0
2025-01-28,1,0,1,1,5,28,0,0
2025-01-29,2,0,1,1,5,29,0,0
2025-01-30,3,0,1,1,5,30,0,0
2025-01-31,4,0,1,1,5,31,0,0
2025-02-01,5,1,2,1,5,32,0,0
2025-02-02,6,1,2,1,5,33,0,0
2025-02-03,0,0,2,1,6,34,0,0
2025-02-04,1,0,2,1,6,35,0,0
2025-02-05,2,0,2,1,6,36,0,0
2025-02-06,3,0,2,1,6,37,0,0
2025-02-07,4,0,2,1,6,38,0,0
2025-02-08,5,1,2,1,6,39,0,0
2025-02-09,6,1,2,1,6,40,0,0
2025-02-10,0,0,2,1,7,41,0,0
2025-02-11,1,0,2,1,7,42,0,0
2025-02-12,2,0,2,1,7,43,0,0
2025-02-13,3,0,2,1,7,44,0,0
2025-02-14,4,0,2,1,7,45,0,0
2025-02-15,5,1,2,1,7,46,0,0
2025-02-16,6,1,2,1,7,47,0,0
2025-02-17,0,0,2,1,8,48,0,0
2025-02-18,1,0,2,1,8,49,0,0
2025-02-19,2,0,2,1,8,50,1,0
2025-02-20,3,0,2,1,8,51,0,0
2025-02-21,4,0,2,1,8,52,0,0
2025-02-22,5,1,2,1,8,53,0,0
2025-02-23,6,1,2,1,8,54,0,0
2025-02-24,0,0,2,1,9,55,0,0
2025-02-25,1,0,2,1,9,56,0,0
2025-02-26,2,0,2,1,9,57,0,0
2025-02-27,3,0,2,1,9,58,0,0
2025-02-28,4,0,2,1,9,59,0,0
2025-03-01,5,1,3,1,9,60,0,0
2025-03-02,6,1,3,1,9,61,0,0
2025-03-03,0,0,3,1,10,62,0,0
2025-03-04,1,0,3,1,10,63,0,0
2025-03-05,2,0,3,1,10,64,0,0
2025-03-06,3,0,3,1,10,65,0,0
2025-03-07,4,0,3,1,10,66,0,0
2025-03-08,5,1,3,1,10,67,0,0
2025-03-09,6,1,3,1,10,68,0,0
2025-03-10,0,0,3,1,11,69,0,0
2025-03-11,1,0,3,1,11,70,0,0
2025-03-12,2,0,3,1,11,71,0,0
2025-03-13,3,0,3,1,11,72,0,0
2025-03-14,4,0,3,1,11,73,0,0
2025-03-15,5,1,3,1,11,74,0,0
2025-03-16,6,1,3,1,11,75,1,0
2025-03-17,0,0,3,1,12,76,0,0
2025-03-18,1,0,3,1,12,77,0,0
2025-03-19,2,0,3,1,12,78,0,0
2025-03-20,3,0,3,1,12,79,0,0
2025-03-21,4,0,3,1,12,80,0,0
2025-03-22,5,1,3,1,12,81,0,0
2025-03-23,6,1,3,1,12,82,0,0
2025-03-24,0,0,3,1,13,83,0,0
2025-03-25,1,0,3,1,13,84,0,0
2025-03-26,2,0,3,1,13,85,0,0
2025-03-27,3,0,3,1,13,86,0,0
2025-03-28,4,0,3,1,13,87,0,0
2025-03-29,5,1,3,1,13,88,0,0
2025-03-30,6,1,3,1,13,89,0,0
2025-03-31,0,0,3,1,14,90,0,0
2025-04-01,1,0,4,2,14,91,0,0
2025-04-02,2,0,4,2,14,92,0,0
2025-04-03,3,0,4,2,14,93,0,0
2025-04-04,4,0,4,2,14,94,0,0
2025-04-05,5,1,4,2,14,95,0,0
2025-04-06,6,1,4,2,14,96,0,0
2025-04-07,0,0,4,2,15,97,0,0
2025-04-08,1,0,4,2,15,98,0,0
2025-04-09,2,0,4,2,15,99,0,0
2025-04-10,3,0,4,2,15,100,0,0
2025-04-11,4,0,4,2,15,101,0,0
2025-04-12,5,1,4,2,15,102,0,0
2025-04-13,6,1,4,2,15,103,0,0
2025-04-14,0,0,4,2,16,104,0,0
2025-04-15,1,0,4,2,16,105,0,0
2025-04-16,2,0,4,2,16,106,0,0
2025-04-17,3,0,4,2,16,107,0,0
2025-04-18,4,0,4,2,16,108,0,0
2025-04-19,5,1,4,2,16,109,0,0
2025-04-20,6,1,4,2,16,110,1,0
2025-04-21,0,0,4,2,17,111,0,0
2025-04-22,1,0,4,2,17,112,0,0
2025-04-23,2,0,4,2,17,113,0,0
2025-04-24,3,0,4,2,17,114,0,0
2025-04-25,4,0,4,2,17,115,0,0
2025-04-26,5,1,4,2,17,116,0,0
2025-04-27,6,1,4,2,17,117,0,0
2025-04-28,0,0,4,2,18,118,0,0
2025-04-29,1,0,4,2,18,119,0,0
2025-04-30,2,0,4,2,18,120,0,0
2025-05-01,3,0,5,2,18,121,0,0
2025-05-02,4,0,5,2,18,122,0,0
2025-05-03,5,1,5,2,18,123,0,0
2025-05-04,6,1,5,2,18,124,0,0
2025-05-05,0,0,5,2,19,125,0,0
2025-05-06,1,0,5,2,19,126,0,0
2025-05-07,2,0,5,2,19,127,0,0
2025-05-08,3,0,5,2,19,128,0,0
2025-05-09,4,0,5,2,19,129,0,0
2025-05-10,5,1,5,2,19,130,0,0
2025-05-11,6,1,5,2,19,131,0,0
2025-05-12,0,0,5,2,20,132,0,0
2025-05-13,1,0,5,2,20,133,0,0
2025-05-14,2,0,5,2,20,134,0,0
2025-05-15,3,0,5,2,20,135,0,0
2025-05-16,4,0,5,2,20,136,0,0
2025-05-17,5,1,5,2,20,137,0,0
2025-05-18,6,1,5,2,20,138,0,0
2025-05-19,0,0,5,2,21,139,0,0
2025-05-20,1,0,5,2,21,140,0,0
2025-05-21,2,0,5,2,21,141,0,0
2025-05-22,3,0,5,2,21,142,0,0
2025-05-23,4,0,5,2,21,143,0,0
2025-05-24,5,1,5,2,21,144,0,0
2025-05-25,6,1,5,2,21,145,0,0
2025-05-26,0,0,5,2,22,146,0,0
2025-05-27,1,0,5,2,22,147,0,0
2025-05-28,2,0,5,2,22,148,0,0
2025-05-29,3,0,5,2,22,149,0,0
2025-05-30,4,0,5,2,22,150,0,0
2025-05-31,5,1,5,2,22,151,0,0
2025-06-01,6,1,6,2,22,152,0,0
2025-06-02,0,0,6,2,23,153,0,0
2025-06-03,1,0,6,2,23,154,0,0
2025-06-04,2,0,6,2,23,155,0,0
2025-06-05,3,0,6,2,23,156,0,0
2025-06-06,4,0,6,2,23,157,0,0
2025-06-07,5,1,6,2,23,158,0,0
2025-06-08,6,1,6,2,23,159,0,0
2025-06-09,0,0,6,2,24,160,0,0
2025-06-10,1,0,6,2,24,161,0,0
2025-06-11,2,0,6,2,24,162,0,0
2025-06-12,3,0,6,2,24,163,0,0
2025-06-13,4,0,6,2,24,164,0,0
2025-06-14,5,1,6,2,24,165,0,0
2025-06-15,6,1,6,2,24,166,0,0
2025-06-16,0,0,6,2,25,167,0,0
2025-06-17,1,0,6,2,25,168,0,0
2025-06-18,2,0,6,2,25,169,0,0
2025-06-19,3,0,6,2,25,170,0,0
2025-06-20,4,0,6,2,25,171,0,0
2025-06-21,5,1,6,2,25,172,0,0
2025-06-22,6,1,6,2,25,173,0,0
2025-06-23,0,0,6,2,26,174,0,0
2025-06-24,1,0,6,2,26,175,0,0
2025-06-25,2,0,6,2,26,176,0,0
2025-06-26,3,0,6,2,26,177,0,0
2025-06-27,4,0,6,2,26,178,0,0
2025-06-28,5,1,6,2,26,179,0,0
2025-06-29,6,1,6,2,26,180,0,0
2025-06-30,0,0,6,2,27,181,0,0
2025-07-01,1,0,7,3,27,182,0,0
2025-07-02,2,0,7,3,27,183,0,0
2025-07-03,3,0,7,3,27,184,0,0
2025-07-04,4,0,7,3,27,185,0,0
2025-07-05,5,1,7,3,27,186,0,0
2025-07-06,6,1,7,3,27,187,0,0
2025-07-07,0,0,7,3,28,188,0,0
2025-07-08,1,0,7,3,28,189,0,0
2025-07-09,2,0,7,3,28,190,1,0
2025-07-10,3,0,7,3,28,191,0,0
2025-07-11,4,0,7,3,28,192,0,0
2025-07-12,5,1,7,3,28,193,0,0
2025-07-13,6,1,7,3,28,194,0,0
2025-07-14,0,0,7,3,29,195,0,0
2025-07-15,1,0,7,3,29,196,0,0
2025-07-16,2,0,7,3,29,197,0,0
2025-07-17,3,0,7,3,29,198,0,0
2025-07-18,4,0,7,3,29,199,0,0
2025-07-19,5,1,7,3,29,200,0,0
2025-07-20,6,1,7,3,29,201,0,0
2025-07-21,0,0,7,3,30,202,0,0
2025-07-22,1,0,7,3,30,203,0,0
2025-07-23,2,0,7,3,30,204,0,0
2025-07-24,3,0,7,3,30,205,0,0
2025-07-25,4,0,7,3,30,206,0,0
2025-07-26,5,1,7,3,30,207,0,0
2025-07-27,6,1,7,3,30,208,0,0
2025-07-28,0,0,7,3,31,209,0,0
2025-07-29,1,0,7,3,31,210,0,0
2025-07-30,2,0,7,3,31,211,0,0
2025-07-31,3,0,7,3,31,212,0,0
2025-08-01,4,0,8,3,31,213,0,0
2025-08-02,5,1,8,3,31,214,0,0
2025-08-03,6,1,8,3,31,215,0,0
2025-08-04,0,0,8,3,32,216,0,0
2025-08-05,1,0,8,3,32,217,0,0
2025-08-06,2,0,8,3,32,218,0,0
2025-08-07,3,0,8,3,32,219,0,0
2025-08-08,4,0,8,3,32,220,0,0
2025-08-09,5,1,8,3,32,221,0,0
2025-08-10,6,1,8,3,32,222,0,0
2025-08-11,0,0,8,3,33,223,0,0
2025-08-12,1,0,8,3,33,224,0,0
2025-08-13,2,0,8,3,33,225,0,0
2025-08-14,3,0,8,3,33,226,1,0
2025-08-15,4,0,8,3,33,227,0,0
2025-08-16,5,1,8,3,33,228,0,0
2025-08-17,6,1,8,3,33,229,0,0
2025-08-18,0,0,8,3,34,230,0,0
2025-08-19,1,0,8,3,34,231,0,0
2025-08-20,2,0,8,3,34,232,0,0
2025-08-21,3,0,8,3,34,233,0,0
2025-08-22,4,0,8,3,34,234,0,0
2025-08-23,5,1,8,3,34,235,0,0
2025-08-24,6,1,8,3,34,236,0,0
2025-08-25,0,0,8,3,35,237,0,0
2025-08-26,1,0,8,3,35,238,0,0
2025-08-27,2,0,8,3,35,239,0,0
2025-08-28,3,0,8,3,35,240,0,0
2025-08-29,4,0,8,3,35,241,0,0
2025-08-30,5,1,8,3,35,242,0,0
2025-08-31,6,1,8,3,35,243,0,0
2025-09-01,0,0,9,3,36,244,0,0
2025-09-02,1,0,9,3,36,245,0,0
2025-09-03,2,0,9,3,36,246,0,0
2025-09-04,3,0,9,3,36,247,0,0
2025-09-05,4,0,9,3,36,248,0,0
2025-09-06,5,1,9,3,36,249,0,0
2025-09-07,6,1,9,3,36,250,0,0
2025-09-08,0,0,9,3,37,251,0,0
2025-09-09,1,0,9,3,37,252,0,0
2025-09-10,2,0,9,3,37,253,0,0
2025-09-11,3,0,9,3,37,254,0,0
2025-09-12,4,0,9,3,37,255,0,0
2025-09-13,5,1,9,3,37,256,0,0
2025-09-14,6,1,9,3,37,257,0,0
2025-09-15,0,0,9,3,38,258,0,0
2025-09-16,1,0,9,3,38,259,0,0
2025-09-17,2,0,9,3,38,260,0,0
2025-09-18,3,0,9,3,38,261,0,0
2025-09-19,4,0,9,3,38,262,0,0
2025-09-20,5,1,9,3,38,263,0,0
2025-09-21,6,1,9,3,38,264,0,0
2025-09-22,0,0,9,3,39,265,0,0
2025-09-23,1,0,9,3,39,266,0,0
2025-09-24,2,0,9,3,39,267,0,0
2025-09-25,3,0,9,3,39,268,0,0
2025-09-26,4,0,9,3,39,269,0,0
2025-09-27,5,1,9,3,39,270,0,0
2025-09-28,6,1,9,3,39,271,0,0
2025-09-29,0,0,9,3,40,272,0,0
2025-09-30,1,0,9,3,40,273,0,0
2025-10-01,2,0,10,4,40,274,0,1
2025-10-02,3,0,10,4,40,275,0,1
2025-10-03,4,0,10,4,40,276,0,1
2025-10-04,5,1,10,4,40,277,0,1
2025-10-05,6,1,10,4,40,278,0,1
2025-10-06,0,0,10,4,41,279,0,1
2025-10-07,1,0,10,4,41,280,1,1
2025-10-08,2,0,10,4,41,281,0,1
2025-10-09,3,0,10,4,41,282,0,1
2025-10-10,4,0,10,4,41,283,0,1
2025-10-11,5,1,10,4,41,284,0,1
2025-10-12,6,1,10,4,41,285,0,1
2025-10-13,0,0,10,4,42,286,0,1
2025-10-14,1,0,10,4,42,287,0,1
2025-10-15,2,0,10,4,42,288,0,1
2025-10-16,3,0,10,4,42,289,0,1
2025-10-17,4,0,10,4,42,290,0,1
2025-10-18,5,1,10,4,42,291,0,1
2025-10-19,6,1,10,4,42,292,0,1
2025-10-20,0,0,10,4,43,293,0,1
2025-10-21,1,0,10,4,43,294,0,1
2025-10-22,2,0,10,4,43,295,0,1
2025-10-23,3,0,10,4,43,296,0,1
2025-10-24,4,0,10,4,43,297,0,1
2025-10-25,5,1,10,4,43,298,0,1
2025-10-26,6,1,10,4,43,299,0,1
2025-10-27,0,0,10,4,44,300,1,1
2025-10-28,1,0,10,4,44,301,0,1
2025-10-29,2,0,10,4,44,302,0,1
2025-10-30,3,0,10,4,44,303,0,1
2025-10-31,4,0,10,4,44,304,0,1
2025-11-01,5,1,11,4,44,305,0,1
2025-11-02,6,1,11,4,44,306,0,1
2025-11-03,0,0,11,4,45,307,0,1
2025-11-04,1,0,11,4,45,308,0,1
2025-11-05,2,0,11,4,45,309,0,1
2025-11-06,3,0,11,4,45,310,0,1
2025-11-07,4,0,11,4,45,311,0,1
2025-11-08,5,1,11,4,45,312,0,1
2025-11-09,6,1,11,4,45,313,0,1
2025-11-10,0,0,11,4,46,314,0,1
2025-11-11,1,0,11,4,46,315,0,1
2025-11-12,2,0,11,4,46,316,0,1
2025-11-13,3,0,11,4,46,317,0,1
2025-11-14,4,0,11,4,46,318,0,1
2025-11-15,5,1,11,4,46,319,0,1
2025-11-16,6,1,11,4,46,320,0,1
2025-11-17,0,0,11,4,47,321,0,1
2025-11-18,1,0,11,4,47,322,0,1
2025-11-19,2,0,11,4,47,323,0,1
2025-11-20,3,0,11,4,47,324,0,1
2025-11-21,4,0,11,4,47,325,0,1
2025-11-22,5,1,11,4,47,326,0,1
2025-11-23,6,1,11,4,47,327,0,1
2025-11-24,0,0,11,4,48,328,0,1
2025-11-25,1,0,11,4,48,329,0,1
2025-11-26,2,0,11,4,48,330,0,1
2025-11-27,3,0,11,4,48,331,0,1
2025-11-28,4,0,11,4,48,332,0,1
2025-11-29,5,1,11,4,48,333,0,1
2025-11-30,6,1,11,4,48,334,0,1
2025-12-01,0,0,12,4,49,335,0,1
2025-12-02,1,0,12,4,49,336,0,1
2025-12-03,2,0,12,4,49,337,0,1
2025-12-04,3,0,12,4,49,338,0,1
2025-12-05,4,0,12,4,49,339,0,1
2025-12-06,5,1,12,4,49,340,0,1
2025-12-07,6,1,12,4,49,341,0,1
2025-12-08,0,0,12,4,50,342,0,1
2025-12-09,1,0,12,4,50,343,0,1
2025-12-10,2,0,12,4,50,344,0,1
2025-12-11,3,0,12,4,50,345,0,1
2025-12-12,4,0,12,4,50,346,0,1
2025-12-13,5,1,12,4,50,347,0,1
2025-12-14,6,1,12,4,50,348,0,1
2025-12-15,0,0,12,4,51,349,0,1
2025-12-16,1,0,12,4,51,350,0,1
2025-12-17,2,0,12,4,51,351,0,1
2025-12-18,3,0,12,4,51,352,0,1
2025-12-19,4,0,12,4,51,353,0,1
2025-12-20,5,1,12,4,51,354,0,1
2025-12-21,6,1,12,4,51,355,0,1
2025-12-22,0,0,12,4,52,356,0,1
2025-12-23,1,0,12,4,52,357,0,1
2025-12-24,2,0,12,4,52,358,0,1
2025-12-25,3,0,12,4,52,359,1,1
2025-12-26,4,0,12,4,52,360,0,1
2025-12-27,5,1,12,4,52,361,0,1
2025-12-28,6,1,12,4,52,362,0,1
2025-12-29,0,0,12,4,1,363,0,1
2025-12-30,1,0,12,4,1,364,0,1
