product_id,category,base_demand,base_price,trend,season_amp,promo_lift,price_elasticity
PROD_001,Fast_Moving_Essentials,134.17692339891744,247.5,0.0,0.05394736058118728,0.08376709391550599,-0.3570746821964107
PROD_002,Seasonal_Products,51.44257221107815,107.65,0.01940463125474681,0.6164074863004712,0.1756058993309161,-0.5287730240161329
PROD_003,Luxury_Products,11.651212982409966,152.26,0.01032750872209501,0.16510538048833404,0.05655262343985164,-1.2631989115785909
PROD_004,Highly_Promotional,44.18103872519474,486.81,0.0,0.1667030098244257,0.48282051572743295,-0.789350721192651
PROD_005,Fast_Moving_Essentials,90.80026444472836,357.37,0.0,0.0593501946486842,0.09303301432552608,-0.28445516472418425
PROD_006,Seasonal_Products,27.578854363371427,108.46,0.019708459114711207,0.5789964307532299,0.16018883968095063,-0.4874303837744661
PROD_007,Luxury_Products,15.503976530033738,190.56,0.011993558808371208,0.22438114859974415,0.047749567580603496,-1.0983974898865172
PROD_008,Highly_Promotional,35.59009934437239,139.96,0.0,0.1672154626501283,0.5862671884502471,-0.8656529211604274
PROD_009,Fast_Moving_Essentials,112.12410428768379,305.93,0.0,0.042290601470719474,0.10673611847161886,-0.29653154473717586
PROD_010,Seasonal_Products,50.59995429664102,335.62,0.02064295280789595,0.6653938617938076,0.13823700588375673,-0.4061635669135879
PROD_011,Luxury_Products,8.218770092292939,233.84,0.012120418439608996,0.1787151588692273,0.04116605483378133,-1.0950642681705585
PROD_012,Highly_Promotional,56.476660589075806,300.66,0.0,0.15985881241964325,0.5294051095168155,-0.900486523093131
PROD_013,Fast_Moving_Essentials,81.58984511937024,90.52,0.0,0.04923754460502775,0.08645087116134409,-0.30012537301240366
PROD_014,Seasonal_Products,47.85281500310944,250.77,0.01857225471315779,0.5983931431784479,0.1578169555871333,-0.4723625221106781
PROD_015,Luxury_Products,6.77008853180773,482.85,0.012451484144245644,0.21597657070485995,0.0453173992291904,-1.4252046611269074
PROD_016,Highly_Promotional,58.67560756635982,252.21,0.0,0.12578345772920996,0.6385725272396453,-0.7858484127467555
PROD_017,Fast_Moving_Essentials,101.41696369054567,310.65,0.0,0.05713228568184751,0.1103407811934084,-0.32633555471411235
PROD_018,Seasonal_Products,45.092353628097726,312.84,0.021798159218657843,0.5419555234963712,0.14494844413023658,-0.4083228347723785
PROD_019,Luxury_Products,9.94791818499178,115.04,0.007620417806335309,0.20701156577421698,0.04341185937073773,-1.4040576568208627
PROD_020,Highly_Promotional,43.87479218139348,315.91,0.0,0.1775135527944867,0.5461067561274381,-0.8904752727200915
PROD_021,Fast_Moving_Essentials,114.06608315867123,270.82,0.0,0.05143456104752151,0.09893957604227815,-0.27203707957102724
PROD_022,Seasonal_Products,40.82689609886151,247.51,0.014259344958563965,0.7348359002905331,0.17376964631038597,-0.4280498177997222
PROD_023,Luxury_Products,6.628636117031653,352.51,0.00868740270303405,0.21275381077535213,0.05453989228573766,-1.3289507961204752
PROD_024,Highly_Promotional,66.64047380550431,153.6,0.0,0.153291148163489,0.5216029024497366,-0.9055327178023722
PROD_025,Fast_Moving_Essentials,102.19972249759007,478.8,0.0,0.0503011425846343,0.09023860362270412,-0.3523252284058756
PROD_026,Seasonal_Products,21.79642477569316,245.79,0.02590850676867005,0.7518360892262776,0.16491648116741695,-0.578158498175705
PROD_027,Luxury_Products,12.782875405796736,192.17,0.01163207459266593,0.2129329010534209,0.047473154577474204,-1.0053440006695273
PROD_028,Highly_Promotional,40.49842063691459,471.57,0.0,0.12736547594468917,0.6228447878674793,-0.6890509813198382
PROD_029,Fast_Moving_Essentials,121.95679540645904,443.55,0.0,0.0462064734580019,0.11109619352964711,-0.35661917112731606
PROD_030,Seasonal_Products,25.75590010205003,56.27,0.01675587235998626,0.5542737766244955,0.16065952041677142,-0.42436650092570627
PROD_031,Luxury_Products,15.413936534643296,311.5,0.008198653909960345,0.22432996209458103,0.05430814259231603,-1.3147123218794599
PROD_032,Highly_Promotional,34.950152146013785,467.4,0.0,0.13805692150685636,0.5474884899773373,-0.8521165480843464
PROD_033,Fast_Moving_Essentials,100.05123588174385,466.16,0.0,0.05110396084653649,0.1053590044672434,-0.2527076884500904
PROD_034,Seasonal_Products,36.76457277265215,484.8,0.021152510638812478,0.7625860376160549,0.16826165493677822,-0.4934763203110583
PROD_035,Luxury_Products,5.2675517596548165,99.11,0.011976571689296419,0.22374536706601297,0.044652814839328675,-1.2147694034875456
PROD_036,Highly_Promotional,64.70955815104045,321.4,0.0,0.14245104260443095,0.5336940590021721,-0.8486179281855919
PROD_037,Fast_Moving_Essentials,111.77278174534098,161.53,0.0,0.054920285604868925,0.1126627505369564,-0.252633369582495
PROD_038,Seasonal_Products,43.77734655025807,115.78,0.0238959702854761,0.6006870152202594,0.12863231597826857,-0.58419409449749
PROD_039,Luxury_Products,9.270801235069033,119.13,0.0076929403819921294,0.16169184130691522,0.041107908183285205,-1.0438279060492093
PROD_040,Highly_Promotional,53.64575264443885,356.32,0.0,0.13907946581712297,0.5509957721448906,-0.9200015815150748
PROD_041,Fast_Moving_Essentials,83.04325434089543,131.67,0.0,0.04498775151664424,0.1028493060697109,-0.28995149108438306
PROD_042,Seasonal_Products,34.94456553838286,285.69,0.015220062834844592,0.7366992239850256,0.12311771198790625,-0.5849683738036124
PROD_043,Luxury_Products,17.653624273966294,456.19,0.012877424083519556,0.22416207042188752,0.05558955081542658,-1.2683919724778627
PROD_044,Highly_Promotional,35.38208833652588,291.23,0.0,0.17145432864735347,0.5418158604305735,-0.7632286387521132
PROD_045,Fast_Moving_Essentials,98.65243222505923,112.9,0.0,0.0483377873718977,0.08930279762115495,-0.2841014172138153
PROD_046,Seasonal_Products,33.09982257650182,220.76,0.022228920145471346,0.5971878833885342,0.1769314756029204,-0.5832696039076356
PROD_047,Luxury_Products,9.925418075070333,290.95,0.012091362932641748,0.21220698724480816,0.056087836558941555,-1.2157066925115554
PROD_048,Highly_Promotional,41.52622456729847,380.7,0.0,0.16168788772910989,0.6293581950316968,-0.6822729079364942
PROD_049,Fast_Moving_Essentials,86.65670237609542,376.57,0.0,0.058718796454012526,0.0854963172015121,-0.3550656295090896
PROD_050,Seasonal_Products,43.747280178654165,402.18,0.023541378067797034,0.7659670363325058,0.13520300123035123,-0.5180151790716618
PROD_051,Luxury_Products,14.24248550036182,127.08,0.010389703668834651,0.205794441122708,0.04931970305962455,-1.210863252246299
PROD_052,Highly_Promotional,61.96978866048266,271.47,0.0,0.1758741741414061,0.46634138947024706,-0.6774731410880355
PROD_053,Fast_Moving_Essentials,126.05042995283695,238.37,0.0,0.05342462826617185,0.09334551033312953,-0.3478039856833843
PROD_054,Seasonal_Products,30.821397636407028,213.89,0.017773279762451157,0.5609790286424999,0.1288670023525315,-0.5872254926751488
PROD_055,Luxury_Products,10.749797341661147,378.36,0.010317958391517399,0.23489119894707697,0.05560602987818785,-1.1900973907797794
PROD_056,Highly_Promotional,69.46526179697288,372.99,0.0,0.12710871463302248,0.6271174094219722,-0.8438636428771865
PROD_057,Fast_Moving_Essentials,121.17805999784545,358.74,0.0,0.04908635923683494,0.11301598044785284,-0.2754430830412908
PROD_058,Seasonal_Products,37.69256508271573,185.87,0.02502130274618665,0.7231364492121941,0.12663530465976663,-0.5994069315675146
PROD_059,Luxury_Products,9.258626567960585,426.6,0.007638517191228297,0.2399283784379391,0.05331369472213074,-1.2720600074682225
PROD_060,Highly_Promotional,65.88133595586501,63.05,0.0,0.1285813125099981,0.6108889469522881,-0.7034253527081273
