feature,mean_abs_shap
roll_mean_30,29.255295
roll_mean_14,13.444743
price_ratio_to_base,4.018232
day_of_week,3.4888203
roll_mean_7,2.4854534
roll_std_30,1.941611
discount_pct,1.7833173
promo_frequency_30,1.639944
lag_1,1.4082714
promo_flag,1.3632704
category_Highly_Promotional,1.3330895
roll_std_7,1.300577
is_festival,1.2153268
week_number,0.960363
is_holiday,0.91631174
is_weekend,0.79984903
category_Fast_Moving_Essentials,0.7760537
lag_7,0.7510062
lag_14,0.6854584
lag_30,0.59900093
month,0.32530975
category_Luxury_Products,0.24813776
category_Seasonal_Products,0.18303016
region_South,0.062351383
region_North,0.04365685
region_West,0.03602473
region_East,0.023835676
store_id_STORE_4,0.02277088
store_id_STORE_2,0.013906847
quarter,0.008770677
store_id_STORE_3,0.006005973
store_id_STORE_1,0.0022888281
